<?xml version="1.0" encoding="UTF-8"?>
<metadata xml:lang="fr"><Esri><CreaDate>20150810</CreaDate><CreaTime>09290000</CreaTime><ArcGISFormat>1.0</ArcGISFormat><SyncOnce>FALSE</SyncOnce><DataProperties><lineage><Process ToolSource="c:\program files (x86)\arcgis\desktop10.2\ArcToolbox\Toolboxes\Data Management Tools.tbx\CalculateField" Date="20140715" Time="134449">CalculateField ZONAGE_REGLMNT_RNMR ChaSsMar 0 VB #</Process><Process ToolSource="c:\program files (x86)\arcgis\desktop10.2\ArcToolbox\Toolboxes\Data Management Tools.tbx\CalculateField" Date="20140715" Time="134513">CalculateField ZONAGE_REGLMNT_RNMR ChaSsMar 1 VB #</Process><Process ToolSource="c:\program files (x86)\arcgis\desktop10.2\ArcToolbox\Toolboxes\Data Management Tools.tbx\CalculateField" Date="20140715" Time="134856">CalculateField "ZONAGE_REGLMNT_RNMR_pour Chasse sous Marine" ChaSsMar "" VB #</Process><Process ToolSource="c:\program files (x86)\arcgis\desktop10.2\ArcToolbox\Toolboxes\Data Management Tools.tbx\CalculateField" Date="20140715" Time="134926">CalculateField "ZONAGE_REGLMNT_RNMR_pour Chasse sous Marine" ChaSsMar 3 VB #</Process><Process ToolSource="c:\program files (x86)\arcgis\desktop10.2\ArcToolbox\Toolboxes\Data Management Tools.tbx\CalculateField" Date="20140716" Time="144954">CalculateField ZONAGE_REGLMNT_RNMR ChaSsMar 2 VB #</Process><Process ToolSource="c:\program files (x86)\arcgis\desktop10.2\ArcToolbox\Toolboxes\Data Management Tools.tbx\CalculateField" Date="20140723" Time="095056">CalculateField ZONAGE_REGLMNT_RNMR temp 2 VB #</Process><Process ToolSource="c:\program files (x86)\arcgis\desktop10.2\ArcToolbox\Toolboxes\Data Management Tools.tbx\CalculateField" Date="20140723" Time="095148">CalculateField ZONAGE_REGLMNT_RNMR temp 1 VB #</Process><Process ToolSource="c:\program files (x86)\arcgis\desktop10.2\ArcToolbox\Toolboxes\Data Management Tools.tbx\CalculateField" Date="20140723" Time="095342">CalculateField ZONAGE_REGLMNT_RNMR temp 0 VB #</Process><Process ToolSource="c:\program files (x86)\arcgis\desktop10.2\ArcToolbox\Toolboxes\Data Management Tools.tbx\CalculateField" Date="20140725" Time="145816">CalculateField ZONAGE_REGLMNT_RNMR_V2014 ChassCapuc 2 VB #</Process><Process ToolSource="c:\program files (x86)\arcgis\desktop10.2\ArcToolbox\Toolboxes\Data Management Tools.tbx\CalculateField" Date="20140725" Time="145909">CalculateField ZONAGE_REGLMNT_RNMR_V2014 ChassCapuc 0 VB #</Process><Process ToolSource="c:\program files (x86)\arcgis\desktop10.2\ArcToolbox\Toolboxes\Data Management Tools.tbx\CalculateField" Date="20140725" Time="152408">CalculateField ZONAGE_REGLMNT_RNMR_V2014 ChassCapuc 1 VB #</Process><Process ToolSource="c:\program files (x86)\arcgis\desktop10.2\ArcToolbox\Toolboxes\Data Management Tools.tbx\CalculateField" Date="20140725" Time="152854">CalculateField ZONAGE_REGLMNT_RNMR_V2014 ChassCapuc 0 VB #</Process><Process ToolSource="c:\program files (x86)\arcgis\desktop10.2\ArcToolbox\Toolboxes\Data Management Tools.tbx\CalculateField" Date="20140725" Time="154729">CalculateField ZONAGE_REGLMNT_RNMR_V2014 ChassCapuc 0 VB #</Process><Process ToolSource="c:\program files (x86)\arcgis\desktop10.2\ArcToolbox\Toolboxes\Data Management Tools.tbx\CalculateField" Date="20140725" Time="154750">CalculateField ZONAGE_REGLMNT_RNMR_V2014 ChassCapuc 2 VB #</Process><Process ToolSource="c:\program files (x86)\arcgis\desktop10.2\ArcToolbox\Toolboxes\Data Management Tools.tbx\CalculateField" Date="20141009" Time="101006">CalculateField ZONAGE_REGLMNT_RNMR_V7_2014 LoiChSsMar [ChaSsMar] VB #</Process><Process ToolSource="c:\program files (x86)\arcgis\desktop10.2\ArcToolbox\Toolboxes\Data Management Tools.tbx\CalculateField" Date="20141009" Time="101109">CalculateField ZONAGE_REGLMNT_RNMR_V7_2014 ProLag_Cap [CapuPro] VB #</Process><Process ToolSource="c:\program files (x86)\arcgis\desktop10.2\ArcToolbox\Toolboxes\Data Management Tools.tbx\CalculateField" Date="20141009" Time="101207">CalculateField ZONAGE_REGLMNT_RNMR_V7_2014 LoiLag_Cap [CapuLoisir] VB #</Process><Process ToolSource="c:\program files (x86)\arcgis\desktop10.2\ArcToolbox\Toolboxes\Data Management Tools.tbx\CalculateField" Date="20141009" Time="102236">CalculateField ZONAGE_REGLMNT_RNMR_V7_2014 LoiCotRoch 2 VB #</Process><Process ToolSource="c:\program files (x86)\arcgis\desktop10.2\ArcToolbox\Toolboxes\Data Management Tools.tbx\CalculateField" Date="20141009" Time="105928">CalculateField ZONAGE_REGLMNT_RNMR_V7_2014 LoiCotRoch 0 VB #</Process><Process ToolSource="c:\program files (x86)\arcgis\desktop10.2\ArcToolbox\Toolboxes\Data Management Tools.tbx\CalculateField" Date="20141009" Time="111149">CalculateField ZONAGE_REGLMNT_RNMR_V7_2014 LoiCotRoch 1 VB #</Process><Process ToolSource="c:\program files (x86)\arcgis\desktop10.2\ArcToolbox\Toolboxes\Data Management Tools.tbx\CalculateField" Date="20141009" Time="111807">CalculateField ZONAGE_REGLMNT_RNMR_V7_2014 LoiLagGZ 2 VB #</Process><Process ToolSource="c:\program files (x86)\arcgis\desktop10.2\ArcToolbox\Toolboxes\Data Management Tools.tbx\CalculateField" Date="20141009" Time="111916">CalculateField ZONAGE_REGLMNT_RNMR_V7_2014 LoiLagGZ 1 VB #</Process><Process ToolSource="c:\program files (x86)\arcgis\desktop10.2\ArcToolbox\Toolboxes\Data Management Tools.tbx\CalculateField" Date="20141009" Time="112103">CalculateField ZONAGE_REGLMNT_RNMR_V7_2014 LoiLagGZ 1 VB #</Process><Process ToolSource="c:\program files (x86)\arcgis\desktop10.2\ArcToolbox\Toolboxes\Data Management Tools.tbx\CalculateField" Date="20141009" Time="112146">CalculateField ZONAGE_REGLMNT_RNMR_V7_2014 LoiLagGZ 1 VB #</Process><Process ToolSource="c:\program files (x86)\arcgis\desktop10.2\ArcToolbox\Toolboxes\Data Management Tools.tbx\CalculateField" Date="20141009" Time="135014">CalculateField ZONAGE_REGLMNT_RNMR_V7_2014 LoiPechMar [PechMarLoi] VB #</Process><Process ToolSource="c:\program files (x86)\arcgis\desktop10.2\ArcToolbox\Toolboxes\Data Management Tools.tbx\CalculateField" Date="20141009" Time="135633">CalculateField ZONAGE_REGLMNT_RNMR_V7_2014 Pro_PMar_R 2 VB #</Process><Process ToolSource="c:\program files (x86)\arcgis\desktop10.2\ArcToolbox\Toolboxes\Data Management Tools.tbx\CalculateField" Date="20141009" Time="135951">CalculateField ZONAGE_REGLMNT_RNMR_V7_2014 Pro_PMar_R 1 VB #</Process><Process ToolSource="c:\program files (x86)\arcgis\desktop10.2\ArcToolbox\Toolboxes\Data Management Tools.tbx\CalculateField" Date="20141009" Time="141317">CalculateField "Usages Shapes Temporaires\PRO_Peche Maritime Restreint" Pro_PMar_R 1 VB #</Process><Process ToolSource="c:\program files (x86)\arcgis\desktop10.2\ArcToolbox\Toolboxes\Data Management Tools.tbx\CalculateField" Date="20141009" Time="141632">CalculateField "Usages Shapes Temporaires\PRO_Peche Maritime Restreint" Pro_Pmar_N [Pro_PMar_R] VB #</Process><Process ToolSource="c:\program files (x86)\arcgis\desktop10.2\ArcToolbox\Toolboxes\Data Management Tools.tbx\CalculateField" Date="20141009" Time="141841">CalculateField "Usages Shapes Temporaires\PRO_Peche Maritime Non Restreint" Pro_Pmar_N 0 VB #</Process><Process ToolSource="c:\program files (x86)\arcgis\desktop10.2\ArcToolbox\Toolboxes\Data Management Tools.tbx\CalculateField" Date="20141009" Time="142115">CalculateField "Usages Shapes Temporaires\PRO_Peche Maritime Non Restreint" Pro_Pmar_N 1 VB #</Process><Process ToolSource="c:\program files (x86)\arcgis\desktop10.2\ArcToolbox\Toolboxes\Data Management Tools.tbx\CalculateField" Date="20141009" Time="142918">CalculateField "Usages Shapes Temporaires\LOISIR_Lagon_Gaulette Zourite" LoiLagGZ 0 VB #</Process><Process ToolSource="c:\program files (x86)\arcgis\desktop10.2\ArcToolbox\Toolboxes\Data Management Tools.tbx\CalculateField" Date="20141009" Time="143325">CalculateField "Usages Shapes Temporaires\LOISIR_Lagon_Gaulette Zourite" LoiLagGZ 1 VB #</Process><Process ToolSource="c:\program files (x86)\arcgis\desktop10.2\ArcToolbox\Toolboxes\Data Management Tools.tbx\CalculateField" Date="20141009" Time="143344">CalculateField "Usages Shapes Temporaires\LOISIR_Lagon_Gaulette Zourite" LoiLagGZ 0 VB #</Process><Process ToolSource="c:\program files (x86)\arcgis\desktop10.2\ArcToolbox\Toolboxes\Data Management Tools.tbx\CalculateField" Date="20141009" Time="143410">CalculateField "Usages Shapes Temporaires\LOISIR_Lagon_Gaulette Zourite" LoiLagGZ 0 VB #</Process><Process ToolSource="c:\program files (x86)\arcgis\desktop10.2\ArcToolbox\Toolboxes\Data Management Tools.tbx\CalculateField" Date="20141009" Time="143508">CalculateField "Usages Shapes Temporaires\LOISIR_Lagon_Gaulette Zourite" LoiLagGZ 0 VB #</Process><Process ToolSource="c:\program files (x86)\arcgis\desktop10.2\ArcToolbox\Toolboxes\Data Management Tools.tbx\CalculateField" Date="20141009" Time="143616">CalculateField "Usages Shapes Temporaires\LOISIR_Lagon_Gaulette Zourite" LoiLagGZ 2 VB #</Process><Process ToolSource="c:\program files (x86)\arcgis\desktop10.2\ArcToolbox\Toolboxes\Data Management Tools.tbx\CalculateField" Date="20141009" Time="143814">CalculateField "Usages Shapes Temporaires\LOISIR_Lagon_Gaulette Zourite" Code_geom PAS VB #</Process><Process ToolSource="c:\program files (x86)\arcgis\desktop10.2\ArcToolbox\Toolboxes\Data Management Tools.tbx\CalculateField" Date="20141009" Time="143844">CalculateField "Usages Shapes Temporaires\LOISIR_Lagon_Gaulette Zourite" Code_geom "PAS"
 VB #</Process><Process ToolSource="c:\program files (x86)\arcgis\desktop10.2\ArcToolbox\Toolboxes\Data Management Tools.tbx\CalculateField" Date="20141009" Time="144340">CalculateField "Usages Shapes Temporaires\LOISIR_Lagon_Gaulette Zourite" LoiLagGZ 1
 VB #</Process><Process ToolSource="c:\program files (x86)\arcgis\desktop10.2\ArcToolbox\Toolboxes\Data Management Tools.tbx\CalculateField" Date="20141009" Time="145219">CalculateField ZONAGE_REGLMNT_RNMR_V7_2014 ProLag_Cap 2 VB #</Process><Process ToolSource="c:\program files (x86)\arcgis\desktop10.2\ArcToolbox\Toolboxes\Data Management Tools.tbx\CalculateField" Date="20141009" Time="145450">CalculateField ZONAGE_REGLMNT_RNMR_V7_2014 ProLag_Cap 0 VB #</Process><Process ToolSource="c:\program files (x86)\arcgis\desktop10.2\ArcToolbox\Toolboxes\Data Management Tools.tbx\CalculateField" Date="20141009" Time="145714">CalculateField ZONAGE_REGLMNT_RNMR_V7_2014 ProLag_Cap 0 VB #</Process><Process ToolSource="c:\program files (x86)\arcgis\desktop10.2\ArcToolbox\Toolboxes\Data Management Tools.tbx\CalculateField" Date="20141009" Time="145751">CalculateField ZONAGE_REGLMNT_RNMR_V7_2014 ProLag_Cap [LoiLag_Cap] VB #</Process><Process ToolSource="c:\program files (x86)\arcgis\desktop10.2\ArcToolbox\Toolboxes\Data Management Tools.tbx\CalculateField" Date="20141009" Time="145833">CalculateField ZONAGE_REGLMNT_RNMR_V7_2014 ProLag_Cap 1 VB #</Process><Process ToolSource="c:\program files (x86)\arcgis\desktop10.2\ArcToolbox\Toolboxes\Data Management Tools.tbx\CalculateField" Date="20141009" Time="145928">CalculateField ZONAGE_REGLMNT_RNMR_V7_2014 ProLag_Cap 1 VB #</Process><Process ToolSource="c:\program files (x86)\arcgis\desktop10.2\ArcToolbox\Toolboxes\Data Management Tools.tbx\CalculateField" Date="20141009" Time="150013">CalculateField ZONAGE_REGLMNT_RNMR_V7_2014 ProLag_Cap 0 VB #</Process><Process ToolSource="c:\program files (x86)\arcgis\desktop10.2\ArcToolbox\Toolboxes\Data Management Tools.tbx\CalculateField" Date="20141009" Time="150040">CalculateField ZONAGE_REGLMNT_RNMR_V7_2014 ProLag_Cap 1 VB #</Process><Process ToolSource="c:\program files (x86)\arcgis\desktop10.2\ArcToolbox\Toolboxes\Data Management Tools.tbx\CalculateField" Date="20141009" Time="150102">CalculateField ZONAGE_REGLMNT_RNMR_V7_2014 ProLag_Cap 1 VB #</Process><Process ToolSource="c:\program files (x86)\arcgis\desktop10.2\ArcToolbox\Toolboxes\Data Management Tools.tbx\CalculateField" Date="20141009" Time="150151">CalculateField ZONAGE_REGLMNT_RNMR_V7_2014 ProLag_Cap 2 VB #</Process><Process ToolSource="c:\program files (x86)\arcgis\desktop10.2\ArcToolbox\Toolboxes\Data Management Tools.tbx\CalculateField" Date="20141009" Time="150246">CalculateField ZONAGE_REGLMNT_RNMR_V7_2014 ProLag_Cap 0 VB #</Process><Process ToolSource="c:\program files (x86)\arcgis\desktop10.2\ArcToolbox\Toolboxes\Data Management Tools.tbx\CalculateField" Date="20141009" Time="150552">CalculateField ZONAGE_REGLMNT_RNMR_V7_2014 LoiChSsMar 3 VB #</Process><Process ToolSource="c:\program files (x86)\arcgis\desktop10.2\ArcToolbox\Toolboxes\Data Management Tools.tbx\CalculateField" Date="20141009" Time="150558">CalculateField ZONAGE_REGLMNT_RNMR_V7_2014 LoiLag_Cap 3 VB #</Process><Process ToolSource="c:\program files (x86)\arcgis\desktop10.2\ArcToolbox\Toolboxes\Data Management Tools.tbx\CalculateField" Date="20141009" Time="150816">CalculateField ZONAGE_REGLMNT_RNMR_V7_2014 LoiLag_Cap 0 VB #</Process><Process ToolSource="c:\program files (x86)\arcgis\desktop10.2\ArcToolbox\Toolboxes\Data Management Tools.tbx\CalculateField" Date="20141009" Time="150846">CalculateField ZONAGE_REGLMNT_RNMR_V7_2014 LoiChSsMar 0 VB #</Process><Process ToolSource="c:\program files (x86)\arcgis\desktop10.2\ArcToolbox\Toolboxes\Data Management Tools.tbx\CalculateField" Date="20141009" Time="152050">CalculateField "Usages Shapes Temporaires\LOISIR_Lagon_Capucin" LoiLag_Cap 2 VB #</Process><Process ToolSource="c:\program files (x86)\arcgis\desktop10.2\ArcToolbox\Toolboxes\Data Management Tools.tbx\CalculateField" Date="20141009" Time="152405">CalculateField ZONAGE_REGLMNT_RNMR_V7_2014 LoiLag_Cap 0 VB #</Process><Process ToolSource="c:\program files (x86)\arcgis\desktop10.2\ArcToolbox\Toolboxes\Data Management Tools.tbx\CalculateField" Date="20141009" Time="153103">CalculateField ZONAGE_REGLMNT_RNMR_V7_2014 ProLag_Cap 0 VB #</Process><Process ToolSource="c:\program files (x86)\arcgis\desktop10.2\ArcToolbox\Toolboxes\Data Management Tools.tbx\CalculateField" Date="20141010" Time="120137">CalculateField "Usages ZONAGE_REGLMNT_RNMR_V7_2014" LoiLagGZ 1 VB #</Process><Process ToolSource="c:\program files (x86)\arcgis\desktop10.2\ArcToolbox\Toolboxes\Data Management Tools.tbx\CalculateField" Date="20141010" Time="121533">CalculateField "Limites ZONAGE_REGLMNT_RNMR_V7_2014" PLanches_K 1 VB #</Process><Process ToolSource="c:\program files (x86)\arcgis\desktop10.2\ArcToolbox\Toolboxes\Data Management Tools.tbx\CalculateField" Date="20141013" Time="160006">CalculateField "USAGES Toutes zones\ZONAGE_REGLMNT_RNMR_V8_2014" Alti_GE 10 VB #</Process><Process ToolSource="c:\program files (x86)\arcgis\desktop10.2\ArcToolbox\Toolboxes\Data Management Tools.tbx\CalculateField" Date="20141015" Time="113457">CalculateField "USAGES Toutes zones\ZONAGE_REGLMNT_RNMR_V8_2014" Canoe_Kaya 2 VB #</Process><Process ToolSource="c:\program files (x86)\arcgis\desktop10.2\ArcToolbox\Toolboxes\Data Management Tools.tbx\CalculateField" Date="20141015" Time="113531">CalculateField "USAGES Toutes zones\ZONAGE_REGLMNT_RNMR_V8_2014" Canoe_Kaya 2 VB #</Process><Process ToolSource="c:\program files (x86)\arcgis\desktop10.2\ArcToolbox\Toolboxes\Data Management Tools.tbx\CalculateField" Date="20141015" Time="131555">CalculateField "USAGES Toutes zones\ZONAGE_REGLMNT_RNMR_V8_2014" Canoe_Kaya 1 VB #</Process><Process ToolSource="c:\program files (x86)\arcgis\desktop10.2\ArcToolbox\Toolboxes\Data Management Tools.tbx\CalculateField" Date="20141015" Time="131657">CalculateField "USAGES Toutes zones\ZONAGE_REGLMNT_RNMR_V8_2014" Canoe_Kaya 1 VB #</Process><Process ToolSource="c:\program files (x86)\arcgis\desktop10.2\ArcToolbox\Toolboxes\Data Management Tools.tbx\CalculateField" Date="20141015" Time="131727">CalculateField "USAGES Toutes zones\ZONAGE_REGLMNT_RNMR_V8_2014" Canoe_Kaya 1 VB #</Process><Process ToolSource="c:\program files (x86)\arcgis\desktop10.2\ArcToolbox\Toolboxes\Data Management Tools.tbx\CalculateField" Date="20150326" Time="141717">CalculateField ZONAGE_REGLMNT_RNMR_V09_2015 ProLag_Cap 0 VB #</Process><Process ToolSource="c:\program files (x86)\arcgis\desktop10.2\ArcToolbox\Toolboxes\Data Management Tools.tbx\CalculateField" Date="20150326" Time="143020">CalculateField ZONAGE_REGLMNT_RNMR_V10_2015 LoiLag_Cap 2 VB #</Process><Process ToolSource="c:\program files (x86)\arcgis\desktop10.2\ArcToolbox\Toolboxes\Data Management Tools.tbx\CalculateField" Date="20150326" Time="143348">CalculateField ZONAGE_REGLMNT_RNMR_V10_2015 LoiLag_Cap 0 VB #</Process><Process ToolSource="c:\program files (x86)\arcgis\desktop10.2\ArcToolbox\Toolboxes\Data Management Tools.tbx\CalculateField" Date="20150430" Time="095351">CalculateField ZONAGE_REGLMNT_RNMR_V11_2015_UTM40S Surface_ha [Shape_Area]/10000 VB #</Process><Process ToolSource="c:\program files (x86)\arcgis\desktop10.2\ArcToolbox\Toolboxes\Data Management Tools.tbx\CalculateField" Date="20150611" Time="111035">CalculateField ZONAGE_REGLMNT_RNMR_V11_2015_110615 Surface_ha [Shape_Area]/10000 VB #</Process><Process ToolSource="c:\program files (x86)\arcgis\desktop10.2\ArcToolbox\Toolboxes\Data Management Tools.tbx\CalculateField" Date="20150611" Time="111942">CalculateField ZONAGE_REGLMNT_RNMR_V11_2015_110615 Nb_DA 7 VB #</Process><Process ToolSource="c:\program files (x86)\arcgis\desktop10.2\ArcToolbox\Toolboxes\Data Management Tools.tbx\CalculateField" Date="20150611" Time="112002">CalculateField ZONAGE_REGLMNT_RNMR_V11_2015_110615 Nb_DA 3 VB #</Process><Process ToolSource="c:\program files (x86)\arcgis\desktop10.2\ArcToolbox\Toolboxes\Data Management Tools.tbx\CalculateField" Date="20150611" Time="112035">CalculateField ZONAGE_REGLMNT_RNMR_V11_2015_110615 Nb_DA 1 VB #</Process><Process ToolSource="c:\program files (x86)\arcgis\desktop10.2\ArcToolbox\Toolboxes\Data Management Tools.tbx\CalculateField" Date="20150611" Time="112128">CalculateField ZONAGE_REGLMNT_RNMR_V11_2015_110615 Nb_DA 1 VB #</Process><Process ToolSource="c:\program files (x86)\arcgis\desktop10.2\ArcToolbox\Toolboxes\Data Management Tools.tbx\CalculateField" Date="20150611" Time="112138">CalculateField ZONAGE_REGLMNT_RNMR_V11_2015_110615 Nb_DA 0 VB #</Process><Process ToolSource="c:\program files (x86)\arcgis\desktop10.2\ArcToolbox\Toolboxes\Data Management Tools.tbx\CalculateField" Date="20150611" Time="112233">CalculateField ZONAGE_REGLMNT_RNMR_V11_2015_110615 Nb_DA 2 VB #</Process><Process ToolSource="c:\program files (x86)\arcgis\desktop10.2\ArcToolbox\Toolboxes\Data Management Tools.tbx\CalculateField" Date="20150611" Time="112320">CalculateField ZONAGE_REGLMNT_RNMR_V11_2015_110615 Nb_DA 1 VB #</Process><Process ToolSource="c:\program files (x86)\arcgis\desktop10.2\ArcToolbox\Toolboxes\Data Management Tools.tbx\CalculateField" Date="20150611" Time="112631">CalculateField ZONAGE_REGLMNT_RNMR_V11_2015_110615 Nb_DA 3 VB #</Process><Process ToolSource="c:\program files (x86)\arcgis\desktop10.2\ArcToolbox\Toolboxes\Data Management Tools.tbx\CalculateField" Date="20150612" Time="095814">CalculateField ZONAGE_REGLMNT_RNMR_V11_2015_110615 Surface_ha [Shape_Area]/10000 VB #</Process><Process ToolSource="c:\program files (x86)\arcgis\desktop10.2\ArcToolbox\Toolboxes\Data Management Tools.tbx\CalculateField" Date="20150612" Time="100222">CalculateField ZONAGE_REGLMNT_RNMR_V11_2015_110615 Surface_ha [Shape_Area]/10000 VB #</Process><Process ToolSource="c:\program files (x86)\arcgis\desktop10.2\ArcToolbox\Toolboxes\Data Management Tools.tbx\CalculateField" Date="20150612" Time="101728">CalculateField ZONAGE_REGLMNT_RNMR_V11_2015_110615 Surface_ha [Shape_Area]/10000 VB #</Process><Process ToolSource="c:\program files (x86)\arcgis\desktop10.2\ArcToolbox\Toolboxes\Data Management Tools.tbx\CalculateField" Date="20150612" Time="102307">CalculateField ZONAGE_REGLMNT_RNMR_V11_2015_110615 Surface_ha [Shape_Area]/10000 VB #</Process><Process ToolSource="c:\program files (x86)\arcgis\desktop10.2\ArcToolbox\Toolboxes\Data Management Tools.tbx\CalculateField" Date="20150720" Time="151847">CalculateField ZONAGE_REGLMNT_RNMR_V12_2015 Surface_ha [Shape_Area]/10000 VB #</Process><Process ToolSource="c:\program files (x86)\arcgis\desktop10.2\ArcToolbox\Toolboxes\Data Management Tools.tbx\CalculateField" Date="20150720" Time="153207">CalculateField GDB-ZONAGE_REGLMNT_RNMR_V12_2015_UTM40S Surface_ha [Shape_Area]/10000 VB #</Process><Process ToolSource="c:\program files (x86)\arcgis\desktop10.2\ArcToolbox\Toolboxes\Data Management Tools.tbx\CalculateField" Date="20150720" Time="154710">CalculateField GDB-ZONAGE_REGLMNT_RNMR_V12_2015_UTM40S Geomorpho "Passe (sortie lagon)" VB #</Process><Process ToolSource="c:\program files (x86)\arcgis\desktop10.2\ArcToolbox\Toolboxes\Data Management Tools.tbx\CalculateField" Date="20150721" Time="115457">CalculateField GDB-ZONAGE_REGLMNT_RNMR_V12_2015_UTM40S Surface_ha [Shape_Area]/10000 VB #</Process><Process ToolSource="c:\program files (x86)\arcgis\desktop10.2\ArcToolbox\Toolboxes\Data Management Tools.tbx\CalculateField" Date="20150723" Time="091910">CalculateField "RNMR V12 Topoly\ZONAGE_REGLMNT_RNMR_V12_juil2015" OBJECTID [OBJECTID_12] VB #</Process><Process ToolSource="c:\program files (x86)\arcgis\desktop10.2\ArcToolbox\Toolboxes\Data Management Tools.tbx\CalculateField" Date="20150723" Time="150100">CalculateField "RNMR V12 Topoly\ZONAGE_REGLMNT_RNMR_V12_juil2015" Surface_ha [Shape_Area]/10000 VB #</Process><Process ToolSource="c:\program files (x86)\arcgis\desktop10.2\ArcToolbox\Toolboxes\Data Management Tools.tbx\CalculateField" Date="20150810" Time="084506">CalculateField ZONAGE_RGLMNT_RNMR_V12 Protection "Hors Réserve" VB #</Process><Process ToolSource="c:\program files (x86)\arcgis\desktop10.2\ArcToolbox\Toolboxes\Data Management Tools.tbx\CalculateField" Date="20150810" Time="084559">CalculateField ZONAGE_RGLMNT_RNMR_V12 Protection "Protection générale" VB #</Process><Process ToolSource="c:\program files (x86)\arcgis\desktop10.2\ArcToolbox\Toolboxes\Data Management Tools.tbx\CalculateField" Date="20150810" Time="084638">CalculateField ZONAGE_RGLMNT_RNMR_V12 Protection "Protection renforcée" VB #</Process><Process ToolSource="c:\program files (x86)\arcgis\desktop10.2\ArcToolbox\Toolboxes\Data Management Tools.tbx\CalculateField" Date="20150810" Time="084710">CalculateField ZONAGE_RGLMNT_RNMR_V12 Protection "Protection renforcée adaptée pêche professionnelle" VB #</Process><Process ToolSource="c:\program files (x86)\arcgis\desktop10.2\ArcToolbox\Toolboxes\Data Management Tools.tbx\CalculateField" Date="20150810" Time="084729">CalculateField ZONAGE_RGLMNT_RNMR_V12 Protection "Protection intégrale" VB #</Process><Process ToolSource="c:\program files (x86)\arcgis\desktop10.2\ArcToolbox\Toolboxes\Data Management Tools.tbx\CalculateField" Date="20150810" Time="084745">CalculateField ZONAGE_RGLMNT_RNMR_V12 Protection "Hors réserve" VB #</Process></lineage><itemProps><itemName Sync="TRUE">ZONAGE_REGLMNT_RNMR_V12_juil2015</itemName><imsContentType Sync="TRUE">002</imsContentType><itemLocation><linkage Sync="TRUE">file://\\lareunion\drvrhreu\ENVIRONNEMENT\=SIG-Environnement\RNMR\ZONAGE_2014\V12_Juil2015 (SEXTANT)\QGIS SERVEUR\ZONAGE_RGLMNT_RNMR_V12</linkage><protocol Sync="TRUE">Local Area Network</protocol></itemLocation><itemSize Sync="TRUE">0.000</itemSize></itemProps><coordRef><type Sync="TRUE">Projected</type><geogcsn Sync="TRUE">GCS_RGR_1992</geogcsn><csUnits Sync="TRUE">Linear Unit: Meter (1.000000)</csUnits><projcsn Sync="TRUE">RGR92_UTM_Zone_40S</projcsn><peXml Sync="TRUE">&lt;ProjectedCoordinateSystem xsi:type='typens:ProjectedCoordinateSystem' xmlns:xsi='http://www.w3.org/2001/XMLSchema-instance' xmlns:xs='http://www.w3.org/2001/XMLSchema' xmlns:typens='http://www.esri.com/schemas/ArcGIS/10.1'&gt;&lt;WKT&gt;PROJCS[&amp;quot;RGR92_UTM_Zone_40S&amp;quot;,GEOGCS[&amp;quot;GCS_RGR_1992&amp;quot;,DATUM[&amp;quot;D_RGR_1992&amp;quot;,SPHEROID[&amp;quot;GRS_1980&amp;quot;,6378137.0,298.257222101]],PRIMEM[&amp;quot;Greenwich&amp;quot;,0.0],UNIT[&amp;quot;Degree&amp;quot;,0.0174532925199433]],PROJECTION[&amp;quot;Transverse_Mercator&amp;quot;],PARAMETER[&amp;quot;False_Easting&amp;quot;,500000.0],PARAMETER[&amp;quot;False_Northing&amp;quot;,10000000.0],PARAMETER[&amp;quot;Central_Meridian&amp;quot;,57.0],PARAMETER[&amp;quot;Scale_Factor&amp;quot;,0.9996],PARAMETER[&amp;quot;Latitude_Of_Origin&amp;quot;,0.0],UNIT[&amp;quot;Meter&amp;quot;,1.0]]&lt;/WKT&gt;&lt;XOrigin&gt;-5120900&lt;/XOrigin&gt;&lt;YOrigin&gt;1900&lt;/YOrigin&gt;&lt;XYScale&gt;10000&lt;/XYScale&gt;&lt;ZOrigin&gt;-100000&lt;/ZOrigin&gt;&lt;ZScale&gt;10000&lt;/ZScale&gt;&lt;MOrigin&gt;-100000&lt;/MOrigin&gt;&lt;MScale&gt;10000&lt;/MScale&gt;&lt;XYTolerance&gt;0.001&lt;/XYTolerance&gt;&lt;ZTolerance&gt;0.001&lt;/ZTolerance&gt;&lt;MTolerance&gt;0.001&lt;/MTolerance&gt;&lt;HighPrecision&gt;true&lt;/HighPrecision&gt;&lt;/ProjectedCoordinateSystem&gt;</peXml></coordRef><copyHistory><copy source="N:\ENVIRONNEMENT\=SIG-Environnement\RNMR\ZONAGE_2014\V12_Juil2015 (SEXTANT)\ZONAGE_RGLMNT_RNMR_V12" dest="\\lareunion\drvrhreu\ENVIRONNEMENT\=SIG-Environnement\RNMR\ZONAGE_2014\V12_Juil2015 (SEXTANT)\QGIS SERVEUR\ZONAGE_RGLMNT_RNMR_V12" date="20150810" time="09290000"></copy></copyHistory></DataProperties><SyncDate>20150722</SyncDate><SyncTime>14564100</SyncTime><ModDate>20150722</ModDate><ModTime>14564100</ModTime></Esri><dataIdInfo><envirDesc Sync="TRUE">Microsoft Windows 7 Version 6.1 (Build 7601) Service Pack 1; Esri ArcGIS 10.2.0.3348</envirDesc><dataLang><languageCode value="fra" Sync="TRUE"></languageCode><countryCode value="FRA" Sync="TRUE"></countryCode></dataLang><idCitation><resTitle Sync="TRUE">ZONAGE_REGLMNT_RNMR_V12_juil2015</resTitle><presForm><PresFormCd value="005" Sync="TRUE"></PresFormCd></presForm></idCitation><spatRpType><SpatRepTypCd value="001" Sync="TRUE"></SpatRepTypCd></spatRpType></dataIdInfo><mdLang><languageCode value="fra" Sync="TRUE"></languageCode><countryCode value="FRA" Sync="TRUE"></countryCode></mdLang><distInfo><distFormat><formatName Sync="TRUE">Classe d’entités de la géodatabase personnelle</formatName></distFormat><distTranOps><transSize Sync="TRUE">0.000</transSize></distTranOps></distInfo><mdHrLv><ScopeCd value="005" Sync="TRUE"></ScopeCd></mdHrLv><mdHrLvName Sync="TRUE">dataset</mdHrLvName><refSysInfo><RefSystem><refSysID><identCode code="0" Sync="TRUE"></identCode></refSysID></RefSystem></refSysInfo><spatRepInfo><VectSpatRep><geometObjs Name="ZONAGE_REGLMNT_RNMR_V12_juil2015"><geoObjTyp><GeoObjTypCd value="002" Sync="TRUE"></GeoObjTypCd></geoObjTyp><geoObjCnt Sync="TRUE">0</geoObjCnt></geometObjs><topLvl><TopoLevCd value="001" Sync="TRUE"></TopoLevCd></topLvl></VectSpatRep></spatRepInfo><spdoinfo><ptvctinf><esriterm Name="ZONAGE_REGLMNT_RNMR_V12_juil2015"><efeatyp Sync="TRUE">Simple</efeatyp><efeageom code="4" Sync="TRUE"></efeageom><esritopo Sync="TRUE">FALSE</esritopo><efeacnt Sync="TRUE">0</efeacnt><spindex Sync="TRUE">TRUE</spindex><linrefer Sync="TRUE">FALSE</linrefer></esriterm></ptvctinf></spdoinfo><eainfo><detailed Name="ZONAGE_REGLMNT_RNMR_V12_juil2015"><enttyp><enttypl Sync="TRUE">ZONAGE_REGLMNT_RNMR_V12_juil2015</enttypl><enttypt Sync="TRUE">Feature Class</enttypt><enttypc Sync="TRUE">0</enttypc></enttyp><attr><attrlabl Sync="TRUE">OBJECTID_12</attrlabl><attalias Sync="TRUE">OBJECTID_12</attalias><attrtype Sync="TRUE">OID</attrtype><attwidth Sync="TRUE">4</attwidth><atprecis Sync="TRUE">0</atprecis><attscale Sync="TRUE">0</attscale><attrdef Sync="TRUE">Internal feature number.</attrdef><attrdefs Sync="TRUE">Esri</attrdefs><attrdomv><udom Sync="TRUE">Sequential unique whole numbers that are automatically generated.</udom></attrdomv></attr><attr><attrlabl Sync="TRUE">OBJECTID_1</attrlabl><attalias Sync="TRUE">OBJECTID_1</attalias><attrtype Sync="TRUE">Integer</attrtype><attwidth Sync="TRUE">4</attwidth><atprecis Sync="TRUE">0</atprecis><attscale Sync="TRUE">0</attscale><attrdef Sync="TRUE">Internal feature number.</attrdef><attrdefs Sync="TRUE">Esri</attrdefs><attrdomv><udom Sync="TRUE">Sequential unique whole numbers that are automatically generated.</udom></attrdomv></attr><attr><attrlabl Sync="TRUE">OBJECTID</attrlabl><attalias Sync="TRUE">OBJECTID</attalias><attrtype Sync="TRUE">Integer</attrtype><attwidth Sync="TRUE">4</attwidth><atprecis Sync="TRUE">0</atprecis><attscale Sync="TRUE">0</attscale><attrdef Sync="TRUE">Internal feature number.</attrdef><attrdefs Sync="TRUE">Esri</attrdefs><attrdomv><udom Sync="TRUE">Sequential unique whole numbers that are automatically generated.</udom></attrdomv></attr><attr><attrlabl Sync="TRUE">Shape</attrlabl><attalias Sync="TRUE">Shape</attalias><attrtype Sync="TRUE">Geometry</attrtype><attwidth Sync="TRUE">0</attwidth><atprecis Sync="TRUE">0</atprecis><attscale Sync="TRUE">0</attscale><attrdef Sync="TRUE">Feature geometry.</attrdef><attrdefs Sync="TRUE">Esri</attrdefs><attrdomv><udom Sync="TRUE">Coordinates defining the features.</udom></attrdomv></attr><attr><attrlabl Sync="TRUE">Ancien_ID</attrlabl><attalias Sync="TRUE">Ancien_ID</attalias><attrtype Sync="TRUE">SmallInteger</attrtype><attwidth Sync="TRUE">2</attwidth><atprecis Sync="TRUE">0</atprecis><attscale Sync="TRUE">0</attscale></attr><attr><attrlabl Sync="TRUE">Code_zone</attrlabl><attalias Sync="TRUE">Code_zone</attalias><attrtype Sync="TRUE">String</attrtype><attwidth Sync="TRUE">8</attwidth><atprecis Sync="TRUE">0</atprecis><attscale Sync="TRUE">0</attscale></attr><attr><attrlabl Sync="TRUE">Nom_zone</attrlabl><attalias Sync="TRUE">Nom_zone</attalias><attrtype Sync="TRUE">String</attrtype><attwidth Sync="TRUE">34</attwidth><atprecis Sync="TRUE">0</atprecis><attscale Sync="TRUE">0</attscale></attr><attr><attrlabl Sync="TRUE">Geomorpho</attrlabl><attalias Sync="TRUE">Geomorpho</attalias><attrtype Sync="TRUE">String</attrtype><attwidth Sync="TRUE">36</attwidth><atprecis Sync="TRUE">0</atprecis><attscale Sync="TRUE">0</attscale></attr><attr><attrlabl Sync="TRUE">Commune</attrlabl><attalias Sync="TRUE">Commune</attalias><attrtype Sync="TRUE">String</attrtype><attwidth Sync="TRUE">13</attwidth><atprecis Sync="TRUE">0</atprecis><attscale Sync="TRUE">0</attscale></attr><attr><attrlabl Sync="TRUE">Secteur</attrlabl><attalias Sync="TRUE">Secteur</attalias><attrtype Sync="TRUE">String</attrtype><attwidth Sync="TRUE">16</attwidth><atprecis Sync="TRUE">0</atprecis><attscale Sync="TRUE">0</attscale></attr><attr><attrlabl Sync="TRUE">Statut_RNM</attrlabl><attalias Sync="TRUE">Statut_RNM</attalias><attrtype Sync="TRUE">String</attrtype><attwidth Sync="TRUE">3</attwidth><atprecis Sync="TRUE">0</atprecis><attscale Sync="TRUE">0</attscale></attr><attr><attrlabl Sync="TRUE">Centroid_X</attrlabl><attalias Sync="TRUE">Centroid_X</attalias><attrtype Sync="TRUE">Double</attrtype><attwidth Sync="TRUE">8</attwidth><atprecis Sync="TRUE">0</atprecis><attscale Sync="TRUE">0</attscale></attr><attr><attrlabl Sync="TRUE">Centroid_Y</attrlabl><attalias Sync="TRUE">Centroid_Y</attalias><attrtype Sync="TRUE">Double</attrtype><attwidth Sync="TRUE">8</attwidth><atprecis Sync="TRUE">0</atprecis><attscale Sync="TRUE">0</attscale></attr><attr><attrlabl Sync="TRUE">Obs</attrlabl><attalias Sync="TRUE">Obs</attalias><attrtype Sync="TRUE">String</attrtype><attwidth Sync="TRUE">50</attwidth><atprecis Sync="TRUE">0</atprecis><attscale Sync="TRUE">0</attscale></attr><attr><attrlabl Sync="TRUE">Nb_DA</attrlabl><attalias Sync="TRUE">Nb_DA</attalias><attrtype Sync="TRUE">SmallInteger</attrtype><attwidth Sync="TRUE">2</attwidth><atprecis Sync="TRUE">0</atprecis><attscale Sync="TRUE">0</attscale></attr><attr><attrlabl Sync="TRUE">Regle_pech</attrlabl><attalias Sync="TRUE">Regle_pech</attalias><attrtype Sync="TRUE">String</attrtype><attwidth Sync="TRUE">3</attwidth><atprecis Sync="TRUE">0</atprecis><attscale Sync="TRUE">0</attscale></attr><attr><attrlabl Sync="TRUE">Code_geom</attrlabl><attalias Sync="TRUE">Code_geom</attalias><attrtype Sync="TRUE">String</attrtype><attwidth Sync="TRUE">3</attwidth><atprecis Sync="TRUE">0</atprecis><attscale Sync="TRUE">0</attscale></attr><attr><attrlabl Sync="TRUE">Surface_ha</attrlabl><attalias Sync="TRUE">Surface_ha</attalias><attrtype Sync="TRUE">Double</attrtype><attwidth Sync="TRUE">8</attwidth><atprecis Sync="TRUE">0</atprecis><attscale Sync="TRUE">0</attscale></attr><attr><attrlabl Sync="TRUE">LoiChSsMar</attrlabl><attalias Sync="TRUE">LoiChSsMar</attalias><attrtype Sync="TRUE">SmallInteger</attrtype><attwidth Sync="TRUE">2</attwidth><atprecis Sync="TRUE">0</atprecis><attscale Sync="TRUE">0</attscale></attr><attr><attrlabl Sync="TRUE">ProLag_Cap</attrlabl><attalias Sync="TRUE">ProLag_Cap</attalias><attrtype Sync="TRUE">SmallInteger</attrtype><attwidth Sync="TRUE">2</attwidth><atprecis Sync="TRUE">0</atprecis><attscale Sync="TRUE">0</attscale></attr><attr><attrlabl Sync="TRUE">LoiLag_Cap</attrlabl><attalias Sync="TRUE">LoiLag_Cap</attalias><attrtype Sync="TRUE">SmallInteger</attrtype><attwidth Sync="TRUE">2</attwidth><atprecis Sync="TRUE">0</atprecis><attscale Sync="TRUE">0</attscale></attr><attr><attrlabl Sync="TRUE">LoiCotRoch</attrlabl><attalias Sync="TRUE">LoiCotRoch</attalias><attrtype Sync="TRUE">SmallInteger</attrtype><attwidth Sync="TRUE">2</attwidth><atprecis Sync="TRUE">0</atprecis><attscale Sync="TRUE">0</attscale></attr><attr><attrlabl Sync="TRUE">LoiLagGZ</attrlabl><attalias Sync="TRUE">LoiLagGZ</attalias><attrtype Sync="TRUE">SmallInteger</attrtype><attwidth Sync="TRUE">2</attwidth><atprecis Sync="TRUE">0</atprecis><attscale Sync="TRUE">0</attscale></attr><attr><attrlabl Sync="TRUE">LoiPechMar</attrlabl><attalias Sync="TRUE">LoiPechMar</attalias><attrtype Sync="TRUE">SmallInteger</attrtype><attwidth Sync="TRUE">2</attwidth><atprecis Sync="TRUE">0</atprecis><attscale Sync="TRUE">0</attscale></attr><attr><attrlabl Sync="TRUE">Pro_PMar_R</attrlabl><attalias Sync="TRUE">Pro_PMar_R</attalias><attrtype Sync="TRUE">SmallInteger</attrtype><attwidth Sync="TRUE">2</attwidth><atprecis Sync="TRUE">0</atprecis><attscale Sync="TRUE">0</attscale></attr><attr><attrlabl Sync="TRUE">Pro_Pmar_N</attrlabl><attalias Sync="TRUE">Pro_Pmar_N</attalias><attrtype Sync="TRUE">SmallInteger</attrtype><attwidth Sync="TRUE">2</attwidth><atprecis Sync="TRUE">0</atprecis><attscale Sync="TRUE">0</attscale></attr><attr><attrlabl Sync="TRUE">PLanches_K</attrlabl><attalias Sync="TRUE">PLanches_K</attalias><attrtype Sync="TRUE">SmallInteger</attrtype><attwidth Sync="TRUE">2</attwidth><atprecis Sync="TRUE">0</atprecis><attscale Sync="TRUE">0</attscale></attr><attr><attrlabl Sync="TRUE">Alti_GE</attrlabl><attalias Sync="TRUE">Alti_GE</attalias><attrtype Sync="TRUE">SmallInteger</attrtype><attwidth Sync="TRUE">2</attwidth><atprecis Sync="TRUE">0</atprecis><attscale Sync="TRUE">0</attscale></attr><attr><attrlabl Sync="TRUE">Canoe_Kaya</attrlabl><attalias Sync="TRUE">Canoe_Kaya</attalias><attrtype Sync="TRUE">SmallInteger</attrtype><attwidth Sync="TRUE">2</attwidth><atprecis Sync="TRUE">0</atprecis><attscale Sync="TRUE">0</attscale></attr><attr><attrlabl Sync="TRUE">Navig_Plai</attrlabl><attalias Sync="TRUE">Navig_Plai</attalias><attrtype Sync="TRUE">SmallInteger</attrtype><attwidth Sync="TRUE">2</attwidth><atprecis Sync="TRUE">0</atprecis><attscale Sync="TRUE">0</attscale></attr><attr><attrlabl Sync="TRUE">Shape_Leng</attrlabl><attalias Sync="TRUE">Shape_Leng</attalias><attrtype Sync="TRUE">Double</attrtype><attwidth Sync="TRUE">8</attwidth><atprecis Sync="TRUE">0</atprecis><attscale Sync="TRUE">0</attscale></attr><attr><attrlabl Sync="TRUE">Shape_Length</attrlabl><attalias Sync="TRUE">Shape_Length</attalias><attrtype Sync="TRUE">Double</attrtype><attwidth Sync="TRUE">8</attwidth><atprecis Sync="TRUE">0</atprecis><attscale Sync="TRUE">0</attscale><attrdef Sync="TRUE">Length of feature in internal units.</attrdef><attrdefs Sync="TRUE">Esri</attrdefs><attrdomv><udom Sync="TRUE">Positive real numbers that are automatically generated.</udom></attrdomv></attr><attr><attrlabl Sync="TRUE">Shape_Area</attrlabl><attalias Sync="TRUE">Shape_Area</attalias><attrtype Sync="TRUE">Double</attrtype><attwidth Sync="TRUE">8</attwidth><atprecis Sync="TRUE">0</atprecis><attscale Sync="TRUE">0</attscale><attrdef Sync="TRUE">Area of feature in internal units squared.</attrdef><attrdefs Sync="TRUE">Esri</attrdefs><attrdomv><udom Sync="TRUE">Positive real numbers that are automatically generated.</udom></attrdomv></attr></detailed></eainfo><mdDateSt Sync="TRUE">20150722</mdDateSt></metadata>
